product_id,suggested_item_type,product_name,price,product_url,image_url,date_suggested
64b1f1a2e3f4a5b6c7d8e900,Jacket,Classic Leather Biker Jacket,199.99,https://www.ebay.com/itm/Classic-Leather-Biker-Jacket-64b1f1a2e3f4a5b6c7d8e900,https://i.ebayimg.com/images/g/Leather-Biker-Jacket.jpg,2024-10-01T10:30:00Z
64b1f1a2e3f4a5b6c7d8e901,Boots,Waterproof Ankle Boots,129.50,https://www.ebay.com/itm/Waterproof-Ankle-Boots-64b1f1a2e3f4a5b6c7d8e901,https://i.ebayimg.com/images/g/Waterproof-Ankle-Boots.jpg,2024-10-02T11:00:00Z
64b1f1a2e3f4a5b6c7d8e902,Scarf,Wool Blend Infinity Scarf,45.00,https://www.ebay.com/itm/Wool-Blend-Infinity-Scarf-64b1f1a2e3f4a5b6c7d8e902,https://i.ebayimg.com/images/g/Wool-Blend-Infinity-Scarf.jpg,2024-10-03T09:15:00Z
64b1f1a2e3f4a5b6c7d8e903,Coat,Long Wool Overcoat,250.00,https://www.ebay.com/itm/Long-Wool-Overcoat-64b1f1a2e3f4a5b6c7d8e903,https://i.ebayimg.com/images/g/Long-Wool-Overcoat.jpg,2024-10-04T14:45:00Z
64b1f1a2e3f4a5b6c7d8e904,Sweater,Chunky Knit Cable Sweater,75.25,https://www.ebay.com/itm/Chunky-Knit-Cable-Sweater-64b1f1a2e3f4a5b6c7d8e904,https://i.ebayimg.com/images/g/Chunky-Knit-Cable-Sweater.jpg,2024-10-05T16:20:00Z
64b1f1a2e3f4a5b6c7d8e905,Jeans,Slim Fit Dark Wash Jeans,60.00,https://www.ebay.com/itm/Slim-Fit-Dark-Wash-Jeans-64b1f1a2e3f4a5b6c7d8e905,https://i.ebayimg.com/images/g/Slim-Fit-Dark-Wash-Jeans.jpg,2024-10-06T12:10:00Z
64b1f1a2e3f4a5b6c7d8e906,Hat,Felt Fedora Hat,35.75,https://www.ebay.com/itm/Felt-Fedora-Hat-64b1f1a2e3f4a5b6c7d8e906,https://i.ebayimg.com/images/g/Felt-Fedora-Hat.jpg,2024-10-07T08:50:00Z
64b1f1a2e3f4a5b6c7d8e907,Dress,Midi Floral Print Dress,120.00,https://www.ebay.com/itm/Midi-Floral-Print-Dress-64b1f1a2e3f4a5b6c7d8e907,https://i.ebayimg.com/images/g/Midi-Floral-Print-Dress.jpg,2024-10-08T13:30:00Z
64b1f1a2e3f4a5b6c7d8e908,Bag,Leather Tote Bag,85.00,https://www.ebay.com/itm/Leather-Tote-Bag-64b1f1a2e3f4a5b6c7d8e908,https://i.ebayimg.com/images/g/Leather-Tote-Bag.jpg,2024-10-09T15:05:00Z
64b1f1a2e3f4a5b6c7d8e909,Accessories,Statement Silver Necklace,55.50,https://www.ebay.com/itm/Statement-Silver-Necklace-64b1f1a2e3f4a5b6c7d8e909,https://i.ebayimg.com/images/g/Statement-Silver-Necklace.jpg,2024-10-10T17:25:00Z
64b1f1a2e3f4a5b6c7d8e90a,Jacket,Denim Trucker Jacket,89.99,https://www.ebay.com/itm/Denim-Trucker-Jacket-64b1f1a2e3f4a5b6c7d8e90a,https://i.ebayimg.com/images/g/Denim-Trucker-Jacket.jpg,2024-10-11T09:45:00Z
64b1f1a2e3f4a5b6c7d8e90b,Boots,Suede Chelsea Boots,150.00,https://www.ebay.com/itm/Suede-Chelsea-Boots-64b1f1a2e3f4a5b6c7d8e90b,https://i.ebayimg.com/images/g/Suede-Chelsea-Boots.jpg,2024-10-12T10:15:00Z
64b1f1a2e3f4a5b6c7d8e90c,Scarf,Silk Paisley Scarf,60.00,https://www.ebay.com/itm/Silk-Paisley-Scarf-64b1f1a2e3f4a5b6c7d8e90c,https://i.ebayimg.com/images/g/Silk-Paisley-Scarf.jpg,2024-10-13T11:30:00Z
64b1f1a2e3f4a5b6c7d8e90d,Coat,Parka with Faux Fur Trim,180.00,https://www.ebay.com/itm/Parka-with-Faux-Fur-Trim-64b1f1a2e3f4a5b6c7d8e90d,https://i.ebayimg.com/images/g/Parka-with-Faux-Fur-Trim.jpg,2024-10-14T12:00:00Z
64b1f1a2e3f4a5b6c7d8e90e,Sweater,Cashmere V-Neck Sweater,95.00,https://www.ebay.com/itm/Cashmere-V-Neck-Sweater-64b1f1a2e3f4a5b6c7d8e90e,https://i.ebayimg.com/images/g/Cashmere-V-Neck-Sweater.jpg,2024-10-15T13:20:00Z
64b1f1a2e3f4a5b6c7d8e90f,Jeans,High-Rise Skinny Jeans,70.00,https://www.ebay.com/itm/High-Rise-Skinny-Jeans-64b1f1a2e3f4a5b6c7d8e90f,https://i.ebayimg.com/images/g/High-Rise-Skinny-Jeans.jpg,2024-10-16T14:40:00Z
64b1f1a2e3f4a5b6c7d8e910,Hat,Baseball Cap with Logo,25.00,https://www.ebay.com/itm/Baseball-Cap-with-Logo-64b1f1a2e3f4a5b6c7d8e910,https://i.ebayimg.com/images/g/Baseball-Cap-with-Logo.jpg,2024-10-17T15:10:00Z
64b1f1a2e3f4a5b6c7d8e911,Dress,Wrap Maxi Dress,130.00,https://www.ebay.com/itm/Wrap-Maxi-Dress-64b1f1a2e3f4a5b6c7d8e911,https://i.ebayimg.com/images/g/Wrap-Maxi-Dress.jpg,2024-10-18T16:30:00Z
64b1f1a2e3f4a5b6c7d8e912,Bag,Canvas Backpack,55.00,https://www.ebay.com/itm/Canvas-Backpack-64b1f1a2e3f4a5b6c7d8e912,https://i.ebayimg.com/images/g/Canvas-Backpack.jpg,2024-10-19T17:50:00Z
64b1f1a2e3f4a5b6c7d8e913,Accessories,Leather Belt with Buckle,40.00,https://www.ebay.com/itm/Leather-Belt-with-Buckle-64b1f1a2e3f4a5b6c7d8e913,https://i.ebayimg.com/images/g/Leather-Belt-with-Buckle.jpg,2024-10-20T18:25:00Z
64b1f1a2e3f4a5b6c7d8e914,Jacket,Puffer Down Jacket,220.00,https://www.ebay.com/itm/Puffer-Down-Jacket-64b1f1a2e3f4a5b6c7d8e914,https://i.ebayimg.com/images/g/Puffer-Down-Jacket.jpg,2024-10-21T19:35:00Z
64b1f1a2e3f4a5b6c7d8e915,Boots,Knee-High Leather Boots,160.00,https://www.ebay.com/itm/Knee-High-Leather-Boots-64b1f1a2e3f4a5b6c7d8e915,https://i.ebayimg.com/images/g/Knee-High-Leather-Boots.jpg,2024-10-22T20:45:00Z
64b1f1a2e3f4a5b6c7d8e916,Scarf,Knitted Infinity Scarf,50.00,https://www.ebay.com/itm/Knitted-Infinity-Scarf-64b1f1a2e3f4a5b6c7d8e916,https://i.ebayimg.com/images/g/Knitted-Infinity-Scarf.jpg,2024-10-23T21:55:00Z
64b1f1a2e3f4a5b6c7d8e917,Coat,Trench Coat with Belt,175.00,https://www.ebay.com/itm/Trench-Coat-with-Belt-64b1f1a2e3f4a5b6c7d8e917,https://i.ebayimg.com/images/g/Trench-Coat-with-Belt.jpg,2024-10-24T22:05:00Z
64b1f1a2e3f4a5b6c7d8e918,Sweater,Turtleneck Wool Sweater,85.00,https://www.ebay.com/itm/Turtleneck-Wool-Sweater-64b1f1a2e3f4a5b6c7d8e918,https://i.ebayimg.com/images/g/Turtleneck-Wool-Sweater.jpg,2024-10-25T23:15:00Z
64b1f1a2e3f4a5b6c7d8e919,Jeans,Relaxed Fit Light Wash Jeans,65.00,https://www.ebay.com/itm/Relaxed-Fit-Light-Wash-Jeans-64b1f1a2e3f4a5b6c7d8e919,https://i.ebayimg.com/images/g/Relaxed-Fit-Light-Wash-Jeans.jpg,2024-10-26T08:25:00Z
64b1f1a2e3f4a5b6c7d8e91a,Hat,Beanie with Pom-Pom,20.00,https://www.ebay.com/itm/Beanie-with-Pom-Pom-64b1f1a2e3f4a5b6c7d8e91a,https://i.ebayimg.com/images/g/Beanie-with-Pom-Pom.jpg,2024-10-27T09:35:00Z
64b1f1a2e3f4a5b6c7d8e91b,Dress,Satin Slip Dress,140.00,https://www.ebay.com/itm/Satin-Slip-Dress-64b1f1a2e3f4a5b6c7d8e91b,https://i.ebayimg.com/images/g/Satin-Slip-Dress.jpg,2024-10-28T10:45:00Z
64b1f1a2e3f4a5b6c7d8e91c,Bag,Suede Crossbody Bag,95.00,https://www.ebay.com/itm/Suede-Crossbody-Bag-64b1f1a2e3f4a5b6c7d8e91c,https://i.ebayimg.com/images/g/Suede-Crossbody-Bag.jpg,2024-10-29T11:55:00Z
64b1f1a2e3f4a5b6c7d8e91d,Accessories,Gold Hoop Earrings,30.00,https://www.ebay.com/itm/Gold-Hoop-Earrings-64b1f1a2e3f4a5b6c7d8e91d,https://i.ebayimg.com/images/g/Gold-Hoop-Earrings.jpg,2024-10-30T12:05:00Z
64b1f1a2e3f4a5b6c7d8e91e,Jacket,Utility Field Jacket,130.00,https://www.ebay.com/itm/Utility-Field-Jacket-64b1f1a2e3f4a5b6c7d8e91e,https://i.ebayimg.com/images/g/Utility-Field-Jacket.jpg,2024-10-31T13:15:00Z
64b1f1a2e3f4a5b6c7d8e91f,Boots,Retro Lace-Up Boots,110.00,https://www.ebay.com/itm/Retro-Lace-Up-Boots-64b1f1a2e3f4a5b6c7d8e91f,https://i.ebayimg.com/images/g/Retro-Lace-Up-Boots.jpg,2024-11-01T14:25:00Z
64b1f1a2e3f4a5b6c7d8e920,Scarf,Plaid Wool Scarf,55.00,https://www.ebay.com/itm/Plaid-Wool-Scarf-64b1f1a2e3f4a5b6c7d8e920,https://i.ebayimg.com/images/g/Plaid-Wool-Scarf.jpg,2024-11-02T15:35:00Z
64b1f1a2e3f4a5b6c7d8e921,Coat,Double-Breasted Peacoat,210.00,https://www.ebay.com/itm/Double-Breasted-Peacoat-64b1f1a2e3f4a5b6c7d8e921,https://i.ebayimg.com/images/g/Double-Breasted-Peacoat.jpg,2024-11-03T16:45:00Z
64b1f1a2e3f4a5b6c7d8e922,Sweater,Striped Crewneck Sweater,65.00,https://www.ebay.com/itm/Striped-Crewneck-Sweater-64b1f1a2e3f4a5b6c7d8e922,https://i.ebayimg.com/images/g/Striped-Crewneck-Sweater.jpg,2024-11-04T17:55:00Z
64b1f1a2e3f4a5b6c7d8e923,Jeans,Loose Fit Straight-Leg Jeans,75.00,https://www.ebay.com/itm/Loose-Fit-Straight-Leg-Jeans-64b1f1a2e3f4a5b6c7d8e923,https://i.ebayimg.com/images/g/Loose-Fit-Straight-Leg-Jeans.jpg,2024-11-05T18:05:00Z
64b1f1a2e3f4a5b6c7d8e924,Hat,Wide-Brim Straw Hat,40.00,https://www.ebay.com/itm/Wide-Brim-Straw-Hat-64b1f1a2e3f4a5b6c7d8e924,https://i.ebayimg.com/images/g/Wide-Brim-Straw-Hat.jpg,2024-11-06T19:15:00Z
64b1f1a2e3f4a5b6c7d8e925,Dress,Off-the-Shoulder Sundress,95.00,https://www.ebay.com/itm/Off-the-Shoulder-Sundress-64b1f1a2e3f4a5b6c7d8e925,https://i.ebayimg.com/images/g/Off-the-Shoulder-Sundress.jpg,2024-11-07T20:25:00Z
64b1f1a2e3f4a5b6c7d8e926,Bag,Mini Crossbody Purse,50.00,https://www.ebay.com/itm/Mini-Crossbody-Purse-64b1f1a2e3f4a5b6c7d8e926,https://i.ebayimg.com/images/g/Mini-Crossbody-Purse.jpg,2024-11-08T21:35:00Z
64b1f1a2e3f4a5b6c7d8e927,Accessories,Glamorous Hoop Earrings,35.00,https://www.ebay.com/itm/Glamorous-Hoop-Earrings-64b1f1a2e3f4a5b6c7d8e927,https://i.ebayimg.com/images/g/Glamorous-Hoop-Earrings.jpg,2024-11-09T22:45:00Z
64b1f1a2e3f4a5b6c7d8e928,Jacket,Denim Bomber Jacket,160.00,https://www.ebay.com/itm/Denim-Bomber-Jacket-64b1f1a2e3f4a5b6c7d8e928,https://i.ebayimg.com/images/g/Denim-Bomber-Jacket.jpg,2024-11-10T23:55:00Z
64b1f1a2e3f4a5b6c7d8e929,Boots,Combat Military Boots,140.00,https://www.ebay.com/itm/Combat-Military-Boots-64b1f1a2e3f4a5b6c7d8e929,https://i.ebayimg.com/images/g/Combat-Military-Boots.jpg,2024-11-11T08:05:00Z
64b1f1a2e3f4a5b6c7d8e92a,Scarf,Lightweight Silk Scarf,55.00,https://www.ebay.com/itm/Lightweight-Silk-Scarf-64b1f1a2e3f4a5b6c7d8e92a,https://i.ebayimg.com/images/g/Lightweight-Silk-Scarf.jpg,2024-11-12T09:15:00Z
64b1f1a2e3f4a5b6c7d8e92b,Coat,Parka with Removable Hood,195.00,https://www.ebay.com/itm/Parka-with-Removable-Hood-64b1f1a2e3f4a5b6c7d8e92b,https://i.ebayimg.com/images/g/Parka-with-Removable-Hood.jpg,2024-11-13T10:25:00Z
64b1f1a2e3f4a5b6c7d8e92c,Sweater,Striped Long-Sleeve Sweater,70.00,https://www.ebay.com/itm/Striped-Long-Sleeve-Sweater-64b1f1a2e3f4a5b6c7d8e92c,https://i.ebayimg.com/images/g/Striped-Long-Sleeve-Sweater.jpg,2024-11-14T11:35:00Z
64b1f1a2e3f4a5b6c7d8e92d,Jeans,High-Rise Bootcut Jeans,80.00,https://www.ebay.com/itm/High-Rise-Bootcut-Jeans-64b1f1a2e3f4a5b6c7d8e92d,https://i.ebayimg.com/images/g/High-Rise-Bootcut-Jeans.jpg,2024-11-15T12:45:00Z
64b1f1a2e3f4a5b6c7d8e92e,Hat,Wool Beanie with Folded Brim,28.00,https://www.ebay.com/itm/Wool-Beanie-with-Folded-Brim-64b1f1a2e3f4a5b6c7d8e92e,https://i.ebayimg.com/images/g/Wool-Beanie-with-Folded-Brim.jpg,2024-11-16T13:55:00Z
64b1f1a2e3f4a5b6c7d8e92f,Dress,Off-Shoulder Maxi Dress,150.00,https://www.ebay.com/itm/Off-Shoulder-Maxi-Dress-64b1f1a2e3f4a5b6c7d8e92f,https://i.ebayimg.com/images/g/Off-Shoulder-Maxi-Dress.jpg,2024-11-17T14:05:00Z
64b1f1a2e3f4a5b6c7d8e930,Bag,Leather Crossbody Satchel,100.00,https://www.ebay.com/itm/Leather-Crossbody-Satchel-64b1f1a2e3f4a5b6c7d8e930,https://i.ebayimg.com/images/g/Leather-Crossbody-Satchel.jpg,2024-11-18T15:15:00Z
64b1f1a2e3f4a5b6c7d8e931,Accessories,Beaded Friendship Bracelets,25.00,https://www.ebay.com/itm/Beaded-Friendship-Bracelets-64b1f1a2e3f4a5b6c7d8e931,https://i.ebayimg.com/images/g/Beaded-Friendship-Bracelets.jpg,2024-11-19T16:25:00Z
64b1f1a2e3f4a5b6c7d8e932,Jacket,Windbreaker Lightweight Jacket,90.00,https://www.ebay.com/itm/Windbreaker-Lightweight-Jacket-64b1f1a2e3f4a5b6c7d8e932,https://i.ebayimg.com/images/g/Windbreaker-Lightweight-Jacket.jpg,2024-11-20T17:35:00Z
64b1f1a2e3f4a5b6c7d8e933,Boots,Suede Ankle Boots,135.00,https://www.ebay.com/itm/Suede-Ankle-Boots-64b1f1a2e3f4a5b6c7d8e933,https://i.ebayimg.com/images/g/Suede-Ankle-Boots.jpg,2024-11-21T18:45:00Z
64b1f1a2e3f4a5b6c7d8e934,Scarf,Chunky Knit Infinity Scarf,60.00,https://www.ebay.com/itm/Chunky-Knit-Infinity-Scarf-64b1f1a2e3f4a5b6c7d8e934,https://i.ebayimg.com/images/g/Chunky-Knit-Infinity-Scarf.jpg,2024-11-22T19:55:00Z
64b1f1a2e3f4a5b6c7d8e935,Coat,Puffer Jacket with Hood,200.00,https://www.ebay.com/itm/Puffer-Jacket-with-Hood-64b1f1a2e3f4a5b6c7d8e935,https://i.ebayimg.com/images/g/Puffer-Jacket-with-Hood.jpg,2024-11-23T20:05:00Z
64b1f1a2e3f4a5b6c7d8e936,Sweater,Crewneck Fleece Sweater,55.00,https://www.ebay.com/itm/Crewneck-Fleece-Sweater-64b1f1a2e3f4a5b6c7d8e936,https://i.ebayimg.com/images/g/Crewneck-Fleece-Sweater.jpg,2024-11-24T21:15:00Z
64b1f1a2e3f4a5b6c7d8e937,Jeans,Relaxed Fit Bootcut Jeans,85.00,https://www.ebay.com/itm/Relaxed-Fit-Bootcut-Jeans-64b1f1a2e3f4a5b6c7d8e937,https://i.ebayimg.com/images/g/Relaxed-Fit-Bootcut-Jeans.jpg,2024-11-25T22:25:00Z
64b1f1a2e3f4a5b6c7d8e938,Hat,Wide Brim Sun Hat,45.00,https://www.ebay.com/itm/Wide-Brim-Sun-Hat-64b1f1a2e3f4a5b6c7d8e938,https://i.ebayimg.com/images/g/Wide-Brim-Sun-Hat.jpg,2024-11-26T23:35:00Z
64b1f1a2e3f4a5b6c7d8e939,Dress,Bodycon Midi Dress,125.00,https://www.ebay.com/itm/Bodycon-Midi-Dress-64b1f1a2e3f4a5b6c7d8e939,https://i.ebayimg.com/images/g/Bodycon-Midi-Dress.jpg,2024-11-27T08:45:00Z
64b1f1a2e3f4a5b6c7d8e93a,Bag,Canvas Messenger Bag,70.00,https://www.ebay.com/itm/Canvas-Messenger-Bag-64b1f1a2e3f4a5b6c7d8e93a,https://i.ebayimg.com/images/g/Canvas-Messenger-Bag.jpg,2024-11-28T09:55:00Z
64b1f1a2e3f4a5b6c7d8e93b,Accessories,Layered Chain Necklace,40.00,https://www.ebay.com/itm/Layered-Chain-Necklace-64b1f1a2e3f4a5b6c7d8e93b,https://i.ebayimg.com/images/g/Layered-Chain-Necklace.jpg,2024-11-29T10:05:00Z
64b1f1a2e3f4a5b6c7d8e93c,Jacket,Bomber Suede Jacket,180.00,https://www.ebay.com/itm/Bomber-Suede-Jacket-64b1f1a2e3f4a5b6c7d8e93c,https://i.ebayimg.com/images/g/Bomber-Suede-Jacket.jpg,2024-11-30T11:15:00Z
64b1f1a2e3f4a5b6c7d8e93d,Boots,Slip-On Chelsea Boots,125.00,https://www.ebay.com/itm/Slip-On-Chelsea-Boots-64b1f1a2e3f4a5b6c7d8e93d,https://i.ebayimg.com/images/g/Slip-On-Chelsea-Boots.jpg,2024-12-01T12:25:00Z
64b1f1a2e3f4a5b6c7d8e93e,Scarf,Patterned Silk Scarf,65.00,https://www.ebay.com/itm/Patterned-Silk-Scarf-64b1f1a2e3f4a5b6c7d8e93e,https://i.ebayimg.com/images/g/Patterned-Silk-Scarf.jpg,2024-12-02T13:35:00Z
64b1f1a2e3f4a5b6c7d8e93f,Coat,Wool Blend Wrap Coat,240.00,https://www.ebay.com/itm/Wool-Blend-Wrap-Coat-64b1f1a2e3f4a5b6c7d8e93f,https://i.ebayimg.com/images/g/Wool-Blend-Wrap-Coat.jpg,2024-12-03T14:45:00Z
64b1f1a2e3f4a5b6c7d8e940,Sweater,V-Neck Cardigan Sweater,80.00,https://www.ebay.com/itm/V-Neck-Cardigan-Sweater-64b1f1a2e3f4a5b6c7d8e940,https://i.ebayimg.com/images/g/V-Neck-Cardigan-Sweater.jpg,2024-12-04T15:55:00Z
64b1f1a2e3f4a5b6c7d8e941,Jeans,Relaxed Fit High-Rise Jeans,90.00,https://www.ebay.com/itm/Relaxed-Fit-High-Rise-Jeans-64b1f1a2e3f4a5b6c7d8e941,https://i.ebayimg.com/images/g/Relaxed-Fit-High-Rise-Jeans.jpg,2024-12-05T16:05:00Z
64b1f1a2e3f4a5b6c7d8e942,Hat,Faux Fur Beanie,38.00,https://www.ebay.com/itm/Faux-Fur-Beanie-64b1f1a2e3f4a5b6c7d8e942,https://i.ebayimg.com/images/g/Faux-Fur-Beanie.jpg,2024-12-06T17:15:00Z
64b1f1a2e3f4a5b6c7d8e943,Dress,Sheath Midi Dress,135.00,https://www.ebay.com/itm/Sheath-Midi-Dress-64b1f1a2e3f4a5b6c7d8e943,https://i.ebayimg.com/images/g/Sheath-Midi-Dress.jpg,2024-12-07T18:25:00Z
64b1f1a2e3f4a5b6c7d8e944,Bag,Studded Leather Handbag,115.00,https://www.ebay.com/itm/Studded-Leather-Handbag-64b1f1a2e3f4a5b6c7d8e944,https://i.ebayimg.com/images/g/Studded-Leather-Handbag.jpg,2024-12-08T19:35:00Z
64b1f1a2e3f4a5b6c7d8e945,Accessories,Crystal Pendant Necklace,45.00,https://www.ebay.com/itm/Crystal-Pendant-Necklace-64b1f1a2e3f4a5b6c7d8e945,https://i.ebayimg.com/images/g/Crystal-Pendant-Necklace.jpg,2024-12-09T20:45:00Z
64b1f1a2e3f4a5b6c7d8e946,Jacket,Denim Utility Jacket,170.00,https://www.ebay.com/itm/Denim-Utility-Jacket-64b1f1a2e3f4a5b6c7d8e946,https://i.ebayimg.com/images/g/Denim-Utility-Jacket.jpg,2024-12-10T21:55:00Z
64b1f1a2e3f4a5b6c7d8e947,Boots,Over-the-Knee Suede Boots,200.00,https://www.ebay.com/itm/Over-the-Knee-Suede-Boots-64b1f1a2e3f4a5b6c7d8e947,https://i.ebayimg.com/images/g/Over-the-Knee-Suede-Boots.jpg,2024-12-11T08:05:00Z
64b1f1a2e3f4a5b6c7d8e948,Scarf,Fringed Wool Scarf,70.00,https://www.ebay.com/itm/Fringed-Wool-Scarf-64b1f1a2e3f4a5b6c7d8e948,https://i.ebayimg.com/images/g/Fringed-Wool-Scarf.jpg,2024-12-12T09:15:00Z
64b1f1a2e3f4a5b6c7d8e949,Coat,Classic Trench Coat,220.00,https://www.ebay.com/itm/Classic-Trench-Coat-64b1f1a2e3f4a5b6c7d8e949,https://i.ebayimg.com/images/g/Classic-Trench-Coat.jpg,2024-12-13T10:25:00Z
64b1f1a2e3f4a5b6c7d8e94a,Sweater,Heathered Crewneck Sweater,68.00,https://www.ebay.com/itm/Heathered-Crewneck-Sweater-64b1f1a2e3f4a5b6c7d8e94a,https://i.ebayimg.com/images/g/Heathered-Crewneck-Sweater.jpg,2024-12-14T11:35:00Z
64b1f1a2e3f4a5b6c7d8e94b,Jeans,Distressed Skinny Jeans,95.00,https://www.ebay.com/itm/Distressed-Skinny-Jeans-64b1f1a2e3f4a5b6c7d8e94b,https://i.ebayimg.com/images/g/Distressed-Skinny-Jeans.jpg,2024-12-15T12:45:00Z
64b1f1a2e3f4a5b6c7d8e94c,Hat,Bucket Hat with Embroidery,30.00,https://www.ebay.com/itm/Bucket-Hat-with-Embroidery-64b1f1a2e3f4a5b6c7d8e94c,https://i.ebayimg.com/images/g/Bucket-Hat-with-Embroidery.jpg,2024-12-16T13:55:00Z
64b1f1a2e3f4a5b6c7d8e94d,Dress,Embroidered Fit and Flare Dress,155.00,https://www.ebay.com/itm/Embroidered-Fit-and-Flare-Dress-64b1f1a2e3f4a5b6c7d8e94d,https://i.ebayimg.com/images/g/Embroidered-Fit-and-Flare-Dress.jpg,2024-12-17T14:05:00Z
64b1f1a2e3f4a5b6c7d8e94e,Bag,Crossbody Leather Satchel,120.00,https://www.ebay.com/itm/Crossbody-Leather-Satchel-64b1f1a2e3f4a5b6c7d8e94e,https://i.ebayimg.com/images/g/Crossbody-Leather-Satchel.jpg,2024-12-18T15:15:00Z
64b1f1a2e3f4a5b6c7d8e94f,Accessories,Minimalist Silver Bracelet,50.00,https://www.ebay.com/itm/Minimalist-Silver-Bracelet-64b1f1a2e3f4a5b6c7d8e94f,https://i.ebayimg.com/images/g/Minimalist-Silver-Bracelet.jpg,2024-12-19T16:25:00Z
64b1f1a2e3f4a5b6c7d8e950,Jacket,Field Utility Jacket,185.00,https://www.ebay.com/itm/Field-Utility-Jacket-64b1f1a2e3f4a5b6c7d8e950,https://i.ebayimg.com/images/g/Field-Utility-Jacket.jpg,2024-12-20T17:35:00Z
64b1f1a2e3f4a5b6c7d8e951,Boots,Classic Leather Loafers,95.00,https://www.ebay.com/itm/Classic-Leather-Loafers-64b1f1a2e3f4a5b6c7d8e951,https://i.ebayimg.com/images/g/Classic-Leather-Loafers.jpg,2024-12-21T18:45:00Z
64b1f1a2e3f4a5b6c7d8e952,Scarf,Patterned Knitted Scarf,65.00,https://www.ebay.com/itm/Patterned-Knitted-Scarf-64b1f1a2e3f4a5b6c7d8e952,https://i.ebayimg.com/images/g/Patterned-Knitted-Scarf.jpg,2024-12-22T19:55:00Z
64b1f1a2e3f4a5b6c7d8e953,Coat,Wool Blend Duffle Coat,230.00,https://www.ebay.com/itm/Wool-Blend-Duffle-Coat-64b1f1a2e3f4a5b6c7d8e953,https://i.ebayimg.com/images/g/Wool-Blend-Duffle-Coat.jpg,2024-12-23T20:05:00Z
64b1f1a2e3f4a5b6c7d8e954,Sweater,Cropped Hooded Sweatshirt,60.00,https://www.ebay.com/itm/Cropped-Hooded-Sweatshirt-64b1f1a2e3f4a5b6c7d8e954,https://i.ebayimg.com/images/g/Cropped-Hooded-Sweatshirt.jpg,2024-12-24T21:15:00Z
64b1f1a2e3f4a5b6c7d8e955,Jeans,Tapered Fit Jeans,85.00,https://www.ebay.com/itm/Tapered-Fit-Jeans-64b1f1a2e3f4a5b6c7d8e955,https://i.ebayimg.com/images/g/Tapered-Fit-Jeans.jpg,2024-12-25T22:25:00Z
64b1f1a2e3f4a5b6c7d8e956,Hat,Knitted Beanie with Logo,35.00,https://www.ebay.com/itm/Knitted-Beanie-with-Logo-64b1f1a2e3f4a5b6c7d8e956,https://i.ebayimg.com/images/g/Knitted-Beanie-with-Logo.jpg,2024-12-26T23:35:00Z
64b1f1a2e3f4a5b6c7d8e957,Dress,Wrap Front Maxi Dress,160.00,https://www.ebay.com/itm/Wrap-Front-Maxi-Dress-64b1f1a2e3f4a5b6c7d8e957,https://i.ebayimg.com/images/g/Wrap-Front-Maxi-Dress.jpg,2024-12-27T08:45:00Z
64b1f1a2e3f4a5b6c7d8e958,Bag,Leather Messenger Bag,130.00,https://www.ebay.com/itm/Leather-Messenger-Bag-64b1f1a2e3f4a5b6c7d8e958,https://i.ebayimg.com/images/g/Leather-Messenger-Bag.jpg,2024-12-28T09:55:00Z
64b1f1a2e3f4a5b6c7d8e959,Accessories,Silver Hoop Earrings,40.00,https://www.ebay.com/itm/Silver-Hoop-Earrings-64b1f1a2e3f4a5b6c7d8e959,https://i.ebayimg.com/images/g/Silver-Hoop-Earrings.jpg,2024-12-29T10:05:00Z
64b1f1a2e3f4a5b6c7d8e95a,Jacket,Quilted Bomber Jacket,155.00,https://www.ebay.com/itm/Quilted-Bomber-Jacket-64b1f1a2e3f4a5b6c7d8e95a,https://i.ebayimg.com/images/g/Quilted-Bomber-Jacket.jpg,2024-12-30T11:15:00Z
64b1f1a2e3f4a5b6c7d8e95b,Boots,Leather Hiking Boots,175.00,https://www.ebay.com/itm/Leather-Hiking-Boots-64b1f1a2e3f4a5b6c7d8e95b,https://i.ebayimg.com/images/g/Leather-Hiking-Boots.jpg,2024-12-31T12:25:00Z
64b1f1a2e3f4a5b6c7d8e95c,Scarf,Striped Cashmere Scarf,80.00,https://www.ebay.com/itm/Striped-Cashmere-Scarf-64b1f1a2e3f4a5b6c7d8e95c,https://i.ebayimg.com/images/g/Striped-Cashmere-Scarf.jpg,2025-01-01T13:35:00Z
64b1f1a2e3f4a5b6c7d8e95d,Coat,Double-Breasted Wool Coat,255.00,https://www.ebay.com/itm/Double-Breasted-Wool-Coat-64b1f1a2e3f4a5b6c7d8e95d,https://i.ebayimg.com/images/g/Double-Breasted-Wool-Coat.jpg,2025-01-02T14:45:00Z
64b1f1a2e3f4a5b6c7d8e95e,Sweater,Off-Shoulder Knit Sweater,90.00,https://www.ebay.com/itm/Off-Shoulder-Knit-Sweater-64b1f1a2e3f4a5b6c7d8e95e,https://i.ebayimg.com/images/g/Off-Shoulder-Knit-Sweater.jpg,2025-01-03T15:55:00Z
64b1f1a2e3f4a5b6c7d8e95f,Jeans,High-Waisted Boyfriend Jeans,100.00,https://www.ebay.com/itm/High-Waisted-Boyfriend-Jeans-64b1f1a2e3f4a5b6c7d8e95f,https://i.ebayimg.com/images/g/High-Waisted-Boyfriend-Jeans.jpg,2025-01-04T16:05:00Z
64b1f1a2e3f4a5b6c7d8e960,Hat,Fedora Hat with Ribbon,50.00,https://www.ebay.com/itm/Fedora-Hat-with-Ribbon-64b1f1a2e3f4a5b6c7d8e960,https://i.ebayimg.com/images/g/Fedora-Hat-with-Ribbon.jpg,2025-01-05T17:15:00Z
64b1f1a2e3f4a5b6c7d8e961,Dress,Bohemian Maxi Dress,145.00,https://www.ebay.com/itm/Bohemian-Maxi-Dress-64b1f1a2e3f4a5b6c7d8e961,https://i.ebayimg.com/images/g/Bohemian-Maxi-Dress.jpg,2025-01-06T18:25:00Z
64b1f1a2e3f4a5b6c7d8e962,Bag,Leather Clutch Purse,65.00,https://www.ebay.com/itm/Leather-Clutch-Purse-64b1f1a2e3f4a5b6c7d8e962,https://i.ebayimg.com/images/g/Leather-Clutch-Purse.jpg,2025-01-07T19:35:00Z
64b1f1a2e3f4a5b6c7d8e963,Accessories,Minimalist Watch,120.00,https://www.ebay.com/itm/Minimalist-Watch-64b1f1a2e3f4a5b6c7d8e963,https://i.ebayimg.com/images/g/Minimalist-Watch.jpg,2025-01-08T20:45:00Z
64b1f1a2e3f4a5b6c7d8e964,Jacket,Parka with Removable Fur,210.00,https://www.ebay.com/itm/Parka-with-Removable-Fur-64b1f1a2e3f4a5b6c7d8e964,https://i.ebayimg.com/images/g/Parka-with-Removable-Fur.jpg,2025-01-09T21:55:00Z
64b1f1a2e3f4a5b6c7d8e965,Boots,Leather Riding Boots,190.00,https://www.ebay.com/itm/Leather-Riding-Boots-64b1f1a2e3f4a5b6c7d8e965,https://i.ebayimg.com/images/g/Leather-Riding-Boots.jpg,2025-01-10T08:05:00Z
64b1f1a2e3f4a5b6c7d8e966,Scarf,Abstract Print Scarf,75.00,https://www.ebay.com/itm/Abstract-Print-Scarf-64b1f1a2e3f4a5b6c7d8e966,https://i.ebayimg.com/images/g/Abstract-Print-Scarf.jpg,2025-01-11T09:15:00Z
64b1f1a2e3f4a5b6c7d8e967,Coat,Shearling Lined Coat,275.00,https://www.ebay.com/itm/Shearling-Lined-Coat-64b1f1a2e3f4a5b6c7d8e967,https://i.ebayimg.com/images/g/Shearling-Lined-Coat.jpg,2025-01-12T10:25:00Z
64b1f1a2e3f4a5b6c7d8e968,Sweater,Cable Knit Turtleneck,85.00,https://www.ebay.com/itm/Cable-Knit-Turtleneck-64b1f1a2e3f4a5b6c7d8e968,https://i.ebayimg.com/images/g/Cable-Knit-Turtleneck.jpg,2025-01-13T11:35:00Z
64b1f1a2e3f4a5b6c7d8e969,Jeans,Straight-Leg Mid-Rise Jeans,95.00,https://www.ebay.com/itm/Straight-Leg-Mid-Rise-Jeans-64b1f1a2e3f4a5b6c7d8e969,https://i.ebayimg.com/images/g/Straight-Leg-Mid-Rise-Jeans.jpg,2025-01-14T12:45:00Z
64b1f1a2e3f4a5b6c7d8e96a,Hat,Visor Hat with Straps,22.00,https://www.ebay.com/itm/Visor-Hat-with-Straps-64b1f1a2e3f4a5b6c7d8e96a,https://i.ebayimg.com/images/g/Visor-Hat-with-Straps.jpg,2025-01-15T13:55:00Z
64b1f1a2e3f4a5b6c7d8e96b,Dress,Wrap Front Mini Dress,170.00,https://www.ebay.com/itm/Wrap-Front-Mini-Dress-64b1f1a2e3f4a5b6c7d8e96b,https://i.ebayimg.com/images/g/Wrap-Front-Mini-Dress.jpg,2025-01-16T14:05:00Z
64b1f1a2e3f4a5b6c7d8e96c,Bag,Convertible Backpack Tote,140.00,https://www.ebay.com/itm/Convertible-Backpack-Tote-64b1f1a2e3f4a5b6c7d8e96c,https://i.ebayimg.com/images/g/Convertible-Backpack-Tote.jpg,2025-01-17T15:15:00Z
64b1f1a2e3f4a5b6c7d8e96d,Accessories,Layered Silver Chains,60.00,https://www.ebay.com/itm/Layered-Silver-Chains-64b1f1a2e3f4a5b6c7d8e96d,https://i.ebayimg.com/images/g/Layered-Silver-Chains.jpg,2025-01-18T16:25:00Z
64b1f1a2e3f4a5b6c7d8e96e,Jacket,Leather Moto Jacket,200.00,https://www.ebay.com/itm/Leather-Moto-Jacket-64b1f1a2e3f4a5b6c7d8e96e,https://i.ebayimg.com/images/g/Leather-Moto-Jacket.jpg,2025-01-19T17:35:00Z
64b1f1a2e3f4a5b6c7d8e96f,Boots,Classic Chelsea Boots,160.00,https://www.ebay.com/itm/Classic-Chelsea-Boots-64b1f1a2e3f4a5b6c7d8e96f,https://i.ebayimg.com/images/g/Classic-Chelsea-Boots.jpg,2025-01-20T18:45:00Z
64b1f1a2e3f4a5b6c7d8e970,Scarf,Fleece Infinity Scarf,50.00,https://www.ebay.com/itm/Fleece-Infinity-Scarf-64b1f1a2e3f4a5b6c7d8e970,https://i.ebayimg.com/images/g/Fleece-Infinity-Scarf.jpg,2025-01-21T19:55:00Z
64b1f1a2e3f4a5b6c7d8e971,Coat,Waterproof Raincoat,190.00,https://www.ebay.com/itm/Waterproof-Raincoat-64b1f1a2e3f4a5b6c7d8e971,https://i.ebayimg.com/images/g/Waterproof-Raincoat.jpg,2025-01-22T20:05:00Z
64b1f1a2e3f4a5b6c7d8e972,Sweater,Loose Fit Hoodie,65.00,https://www.ebay.com/itm/Loose-Fit-Hoodie-64b1f1a2e3f4a5b6c7d8e972,https://i.ebayimg.com/images/g/Loose-Fit-Hoodie.jpg,2025-01-23T21:15:00Z
64b1f1a2e3f4a5b6c7d8e973,Jeans,Straight-Leg Vintage Jeans,100.00,https://www.ebay.com/itm/Straight-Leg-Vintage-Jeans-64b1f1a2e3f4a5b6c7d8e973,https://i.ebayimg.com/images/g/Straight-Leg-Vintage-Jeans.jpg,2025-01-24T22:25:00Z
64b1f1a2e3f4a5b6c7d8e974,Hat,Knitted Snapback Cap,30.00,https://www.ebay.com/itm/Knitted-Snapback-Cap-64b1f1a2e3f4a5b6c7d8e974,https://i.ebayimg.com/images/g/Knitted-Snapback-Cap.jpg,2025-01-25T23:35:00Z
64b1f1a2e3f4a5b6c7d8e975,Dress,Asymmetrical Hem Dress,155.00,https://www.ebay.com/itm/Asymmetrical-Hem-Dress-64b1f1a2e3f4a5b6c7d8e975,https://i.ebayimg.com/images/g/Asymmetrical-Hem-Dress.jpg,2025-01-26T08:45:00Z
64b1f1a2e3f4a5b6c7d8e976,Bag,Canvas Sling Bag,75.00,https://www.ebay.com/itm/Canvas-Sling-Bag-64b1f1a2e3f4a5b6c7d8e976,https://i.ebayimg.com/images/g/Canvas-Sling-Bag.jpg,2025-01-27T09:55:00Z
64b1f1a2e3f4a5b6c7d8e977,Accessories,Diamond Stud Earrings,80.00,https://www.ebay.com/itm/Diamond-Stud-Earrings-64b1f1a2e3f4a5b6c7d8e977,https://i.ebayimg.com/images/g/Diamond-Stud-Earrings.jpg,2025-01-28T10:05:00Z
64b1f1a2e3f4a5b6c7d8e978,Jacket,Reversible Denim Jacket,175.00,https://www.ebay.com/itm/Reversible-Denim-Jacket-64b1f1a2e3f4a5b6c7d8e978,https://i.ebayimg.com/images/g/Reversible-Denim-Jacket.jpg,2025-01-29T11:15:00Z
64b1f1a2e3f4a5b6c7d8e979,Boots,Waterproof Hiking Boots,185.00,https://www.ebay.com/itm/Waterproof-Hiking-Boots-64b1f1a2e3f4a5b6c7d8e979,https://i.ebayimg.com/images/g/Waterproof-Hiking-Boots.jpg,2025-01-30T12:25:00Z
64b1f1a2e3f4a5b6c7d8e97a,Scarf,Wool Tassel Scarf,70.00,https://www.ebay.com/itm/Wool-Tassel-Scarf-64b1f1a2e3f4a5b6c7d8e97a,https://i.ebayimg.com/images/g/Wool-Tassel-Scarf.jpg,2025-01-31T13:35:00Z
64b1f1a2e3f4a5b6c7d8e97b,Coat,Lightweight Trench Coat,195.00,https://www.ebay.com/itm/Lightweight-Trench-Coat-64b1f1a2e3f4a5b6c7d8e97b,https://i.ebayimg.com/images/g/Lightweight-Trench-Coat.jpg,2025-02-01T14:45:00Z
64b1f1a2e3f4a5b6c7d8e97c,Sweater,Mock Neck Knit Sweater,75.00,https://www.ebay.com/itm/Mock-Neck-Knit-Sweater-64b1f1a2e3f4a5b6c7d8e97c,https://i.ebayimg.com/images/g/Mock-Neck-Knit-Sweater.jpg,2025-02-02T15:55:00Z
64b1f1a2e3f4a5b6c7d8e97d,Jeans,Relaxed Fit Wide-Leg Jeans,105.00,https://www.ebay.com/itm/Relaxed-Fit-Wide-Leg-Jeans-64b1f1a2e3f4a5b6c7d8e97d,https://i.ebayimg.com/images/g/Relaxed-Fit-Wide-Leg-Jeans.jpg,2025-02-03T16:05:00Z
64b1f1a2e3f4a5b6c7d8e97e,Hat,Wide Brim Felt Hat,55.00,https://www.ebay.com/itm/Wide-Brim-Felt-Hat-64b1f1a2e3f4a5b6c7d8e97e,https://i.ebayimg.com/images/g/Wide-Brim-Felt-Hat.jpg,2025-02-04T17:15:00Z
64b1f1a2e3f4a5b6c7d8e97f,Dress,Boho Lace Dress,160.00,https://www.ebay.com/itm/Boho-Lace-Dress-64b1f1a2e3f4a5b6c7d8e97f,https://i.ebayimg.com/images/g/Boho-Lace-Dress.jpg,2025-02-05T18:25:00Z
64b1f1a2e3f4a5b6c7d8e980,Bag,Structured Leather Handbag,125.00,https://www.ebay.com/itm/Structured-Leather-Handbag-64b1f1a2e3f4a5b6c7d8e980,https://i.ebayimg.com/images/g/Structured-Leather-Handbag.jpg,2025-02-06T19:35:00Z
64b1f1a2e3f4a5b6c7d8e981,Accessories,Beaded Anklet,35.00,https://www.ebay.com/itm/Beaded-Anklet-64b1f1a2e3f4a5b6c7d8e981,https://i.ebayimg.com/images/g/Beaded-Anklet.jpg,2025-02-07T20:45:00Z
64b1f1a2e3f4a5b6c7d8e982,Jacket,Double-Layered Denim Jacket,190.00,https://www.ebay.com/itm/Double-Layered-Denim-Jacket-64b1f1a2e3f4a5b6c7d8e982,https://i.ebayimg.com/images/g/Double-Layered-Denim-Jacket.jpg,2025-02-08T21:55:00Z
64b1f1a2e3f4a5b6c7d8e983,Boots,Classic Oxford Shoes,130.00,https://www.ebay.com/itm/Classic-Oxford-Shoes-64b1f1a2e3f4a5b6c7d8e983,https://i.ebayimg.com/images/g/Classic-Oxford-Shoes.jpg,2025-02-09T08:05:00Z
64b1f1a2e3f4a5b6c7d8e984,Scarf,Wool Tartan Scarf,85.00,https://www.ebay.com/itm/Wool-Tartan-Scarf-64b1f1a2e3f4a5b6c7d8e984,https://i.ebayimg.com/images/g/Wool-Tartan-Scarf.jpg,2025-02-10T09:15:00Z
64b1f1a2e3f4a5b6c7d8e985,Coat,Classic Trench with Epaulets,225.00,https://www.ebay.com/itm/Classic-Trench-with-Epaulets-64b1f1a2e3f4a5b6c7d8e985,https://i.ebayimg.com/images/g/Classic-Trench-with-Epaulets.jpg,2025-02-11T10:25:00Z
64b1f1a2e3f4a5b6c7d8e986,Sweater,Half-Zip Pullover Sweater,78.00,https://www.ebay.com/itm/Half-Zip-Pullover-Sweater-64b1f1a2e3f4a5b6c7d8e986,https://i.ebayimg.com/images/g/Half-Zip-Pullover-Sweater.jpg,2025-02-12T11:35:00Z
64b1f1a2e3f4a5b6c7d8e987,Jeans,Flared High-Waist Jeans,110.00,https://www.ebay.com/itm/Flared-High-Waist-Jeans-64b1f1a2e3f4a5b6c7d8e987,https://i.ebayimg.com/images/g/Flared-High-Waist-Jeans.jpg,2025-02-13T12:45:00Z
64b1f1a2e3f4a5b6c7d8e988,Hat,Fedora with Leather Band,60.00,https://www.ebay.com/itm/Fedora-with-Leather-Band-64b1f1a2e3f4a5b6c7d8e988,https://i.ebayimg.com/images/g/Fedora-with-Leather-Band.jpg,2025-02-14T13:55:00Z
64b1f1a2e3f4a5b6c7d8e989,Dress,Lace Overlay Sheath Dress,165.00,https://www.ebay.com/itm/Lace-Overlay-Sheath-Dress-64b1f1a2e3f4a5b6c7d8e989,https://i.ebayimg.com/images/g/Lace-Overlay-Sheath-Dress.jpg,2025-02-15T14:05:00Z
64b1f1a2e3f4a5b6c7d8e98
